{ "compressionlevel":-1,
 "editorsettings":
    {
     "export":
        {
         "format":"json",
         "target":"map.json"
        }
    },
 "height":10,
 "infinite":false,
 "layers":[
        {
         "data":[1461, 1461, 1461, 1461, 1461, 1461, 1461, 1461, 1461, 1461, 1461, 1461, 1461, 1461, 1461, 1461, 1461, 1461, 1461, 1461, 1461, 1461, 1461, 1461, 1461, 1461, 1461, 1461, 1461, 1461, 1461, 1461, 1461, 1461, 1461, 1461, 1461, 1461, 1461, 1461, 1461, 1461, 1461, 1461, 1461, 1461, 1461, 1461, 1461, 1461, 1461, 1461, 1461, 1461, 1461, 1461, 1461, 1461, 1461, 1461, 1461, 1461, 1461, 1461, 1461, 1461, 1461, 1461, 1461, 1461, 1461, 1461, 1461, 1461, 1461, 1461, 1461, 1461, 1461, 1461, 1461, 1461, 1461, 1461, 1461, 1461, 1461, 1461, 1461, 1461, 1461, 1461, 1461, 1461, 1461, 1461, 1461, 1461, 1461, 1461, 1461, 1461, 1461, 1461, 1461, 1461, 1461, 1461, 1461, 1461, 1461, 1461, 1461, 1461, 1461, 1461, 1461, 1461, 1461, 1461, 1461, 1461, 1461, 1461, 1461, 1461, 1461, 1461, 1461, 1461, 1461, 1461, 1461, 1461, 1461, 1461, 1461, 1461, 1461, 1461, 1461, 1461, 1461, 1461, 1461, 1461, 1461, 1461, 1461, 1461, 1461, 1461, 1461, 1461, 1461, 1461, 1461, 1461, 1461, 1461, 1461, 1461, 1461, 1461, 1461, 1461, 1461, 1461, 1461, 1461, 1461, 1461, 1461, 1461, 1461, 1461, 1461, 1461, 1461, 1461, 1461, 1461, 1461, 1461, 1461, 1461, 1461, 1461, 1461, 1461, 1461, 1461, 1461, 1461, 1461, 1461, 1461, 1461, 1461, 1461],
         "height":10,
         "id":1,
         "name":"BG",
         "opacity":1,
         "type":"tilelayer",
         "visible":true,
         "width":20,
         "x":0,
         "y":0
        }, 
        {
         "data":[0, 0, 0, 0, 0, 0, 0, 0, 0, 0, 0, 0, 0, 0, 0, 0, 0, 0, 0, 0, 0, 0, 0, 0, 0, 0, 0, 0, 0, 0, 0, 0, 0, 0, 0, 0, 0, 0, 0, 0, 0, 0, 0, 0, 0, 0, 0, 0, 0, 0, 0, 0, 0, 0, 0, 0, 0, 0, 0, 0, 0, 0, 0, 0, 0, 0, 0, 0, 0, 0, 0, 0, 0, 0, 0, 0, 0, 0, 0, 0, 0, 0, 0, 0, 0, 0, 0, 0, 94, 95, 96, 97, 0, 440, 0, 0, 0, 0, 0, 0, 0, 0, 0, 0, 0, 0, 0, 453, 112, 113, 114, 115, 458, 458, 0, 0, 0, 0, 0, 0, 0, 0, 0, 0, 0, 0, 0, 164, 165, 166, 169, 170, 171, 0, 0, 0, 0, 0, 0, 0, 0, 0, 0, 0, 0, 0, 0, 182, 0, 0, 0, 169, 170, 351, 352, 343, 344, 345, 346, 0, 0, 0, 0, 927, 0, 0, 0, 200, 0, 0, 0, 0, 0, 0, 0, 0, 0, 0, 0, 0, 343, 344, 345, 346, 347, 348, 349, 350, 351, 352, 343, 344, 345, 346, 347, 348, 349, 350, 351, 352],
         "height":10,
         "id":3,
         "name":"Map",
         "opacity":1,
         "type":"tilelayer",
         "visible":true,
         "width":20,
         "x":0,
         "y":0
        }, 
        {
         "data":[0, 0, 0, 0, 0, 0, 0, 0, 0, 0, 0, 0, 0, 0, 0, 1, 2, 3, 4, 5, 0, 0, 0, 0, 0, 0, 0, 0, 0, 0, 0, 0, 0, 0, 0, 19, 20, 21, 22, 23, 0, 0, 0, 0, 0, 0, 0, 0, 0, 0, 0, 0, 0, 0, 0, 37, 0, 0, 0, 41, 0, 0, 0, 0, 0, 0, 0, 0, 0, 0, 0, 0, 0, 0, 0, 0, 0, 0, 0, 0, 0, 0, 0, 0, 0, 0, 0, 0, 0, 0, 0, 0, 0, 0, 0, 0, 0, 0, 0, 0, 0, 0, 0, 0, 0, 0, 0, 0, 0, 0, 0, 0, 0, 0, 0, 0, 0, 0, 0, 0, 0, 0, 0, 0, 0, 0, 0, 0, 0, 0, 0, 0, 0, 0, 0, 0, 0, 0, 0, 0, 0, 0, 0, 0, 0, 0, 0, 0, 0, 0, 0, 0, 0, 0, 0, 0, 0, 0, 0, 0, 0, 0, 0, 0, 0, 0, 0, 0, 0, 0, 0, 0, 0, 0, 0, 0, 0, 0, 0, 0, 0, 0, 0, 0, 0, 0, 0, 0, 0, 0, 0, 0, 0, 0, 0, 0, 0, 0, 0, 0],
         "height":10,
         "id":6,
         "name":"Sun",
         "opacity":1,
         "type":"tilelayer",
         "visible":true,
         "width":20,
         "x":0,
         "y":0
        }, 
        {
         "data":[299, 300, 301, 302, 303, 0, 0, 0, 0, 0, 0, 0, 0, 0, 0, 0, 0, 0, 0, 0, 317, 318, 319, 320, 321, 0, 0, 0, 0, 0, 0, 0, 0, 407, 408, 409, 410, 411, 412, 0, 0, 0, 0, 0, 0, 0, 335, 336, 337, 338, 339, 0, 0, 425, 426, 427, 428, 429, 430, 0, 0, 0, 0, 0, 0, 0, 353, 354, 355, 356, 357, 0, 0, 0, 0, 0, 0, 0, 0, 0, 0, 0, 0, 0, 0, 0, 0, 0, 0, 0, 0, 0, 0, 0, 0, 0, 0, 0, 0, 0, 0, 0, 0, 0, 0, 0, 0, 0, 0, 0, 0, 0, 0, 0, 0, 0, 0, 0, 0, 0, 0, 0, 0, 0, 0, 0, 0, 0, 0, 0, 0, 0, 0, 0, 0, 0, 0, 0, 0, 0, 0, 0, 0, 0, 0, 0, 0, 0, 0, 0, 0, 0, 0, 0, 0, 0, 0, 0, 0, 0, 0, 0, 0, 0, 0, 0, 0, 0, 0, 0, 0, 0, 0, 0, 0, 0, 0, 0, 0, 0, 0, 0, 0, 0, 0, 0, 0, 0, 0, 0, 0, 0, 0, 0, 0, 0, 0, 0, 0, 0],
         "height":10,
         "id":4,
         "name":"Clouds",
         "opacity":1,
         "type":"tilelayer",
         "visible":true,
         "width":20,
         "x":0,
         "y":0
        }, 
        {
         "data":[0, 0, 0, 0, 0, 0, 0, 0, 0, 0, 0, 0, 0, 0, 0, 0, 0, 0, 0, 0, 0, 0, 0, 0, 0, 0, 0, 0, 0, 0, 0, 0, 0, 0, 0, 0, 0, 0, 0, 0, 0, 0, 0, 0, 0, 0, 0, 0, 0, 0, 0, 0, 0, 0, 0, 0, 0, 0, 0, 0, 0, 0, 0, 0, 0, 0, 0, 0, 0, 0, 0, 0, 0, 0, 0, 0, 0, 0, 0, 0, 0, 0, 0, 0, 0, 0, 0, 0, 0, 967, 968, 0, 0, 238, 239, 0, 0, 0, 0, 0, 0, 0, 0, 0, 218, 219, 0, 0, 0, 0, 0, 0, 0, 256, 257, 0, 0, 0, 224, 225, 600, 601, 0, 0, 236, 237, 0, 0, 0, 0, 0, 0, 0, 274, 275, 965, 966, 0, 242, 243, 618, 619, 0, 0, 254, 255, 0, 0, 0, 0, 0, 0, 0, 292, 293, 0, 946, 0, 260, 261, 636, 637, 0, 0, 272, 273, 0, 0, 0, 0, 0, 0, 0, 310, 311, 0, 964, 0, 278, 279, 0, 0, 0, 0, 290, 291, 0, 0, 0, 0, 0, 0, 0, 0, 0, 0, 0, 0, 296, 297],
         "height":10,
         "id":7,
         "name":"Trees",
         "opacity":1,
         "type":"tilelayer",
         "visible":true,
         "width":20,
         "x":0,
         "y":0
        }],
 "nextlayerid":8,
 "nextobjectid":1,
 "orientation":"orthogonal",
 "renderorder":"right-down",
 "tiledversion":"1.4.3",
 "tileheight":8,
 "tilesets":[
        {
         "firstgid":1,
         "source":"..\/..\/..\/Tiled\/paper.tsx"
        }],
 "tilewidth":8,
 "type":"map",
 "version":1.4,
 "width":20
}